tag,artigo,grupo,500,502,504,506,508,510,512,514,516,518,520,522,524,526,528,530,532,534,536,538,540,542,544,546,548,550,552,554,556,558,560,562,564,566,568,570,572,574,576,578,580,582,584,586,588,590,592,594,596,598,600,602,604,606,608,610,612,614,616,618,620,622,624,626,628,630,632,634,636,638,640,642,644,646,648,650,652,654,656,658,660,662,664,666,668,670,672,674,676,678,680,682,684,686,688,690,692,694,696,698,700,702,704,706,708,710,712,714,716,718,720,722,724,726,728,730,732,734,736,738,740
1B,1,1,20.24,19.24,18.58,18.32,17.45,16.99,16.53,15.66,15.2,14.47,13.93,13.34,13.2,12.61,12.35,11.75,11.41,11.15,10.88,10.48,10.22,9.82,9.62,9.35,9.36,9.16,8.83,8.49,8.43,8.23,8.1,7.9,7.77,7.63,7.57,7.43,7.23,7.17,07.04,7.1,7.17,7.17,7.18,7.18,7.18,7.18,7.18,7.18,7.17,7.17,7.23,7.36,7.37,7.43,7.5,7.57,7.77,7.89,7.96,8.1,8.3,8.43,8.56,8.69,8.96,9.23,9.42,9.62,9.88,10.22,10.48,10.75,10.95,11.21,11.54,11.88,12.14,12.34,12.54,12.87,13.34,13.47,13.73,14.07,14.2,14.26,14.46,14.53,14.6,14.73,14.8,14.67,14.53,14.4,14.36,14,13.67,13.27,13.01,12.74,12.41,12.01,11.61,11.08,10.75,10.42,10.02,9.69,9.29,8.96,8.63,8.3,7.9,7.63,7.3,6.97,6.7,6.37,6.17,5.77,5.51
3,3,2,19.8,19.28,18.74,18.42,17.54,16.97,16.28,15.94,15.36,14.99,14.75,14.51,14.33,14.27,14.24,14.19,14.24,14.3,14.49,14.47,14.61,14.73,14.9,15.2,15.22,15.25,15.32,15.42,15.53,15.56,15.57,15.48,15.31,15.28,15.11,14.93,14.73,14.36,14.07,13.76,13.46,13.24,12.65,12.33,12.24,12.13,11.84,11.53,11.31,11.24,11.13,10.95,10.87,10.78,10.75,10.7,10.7,10.67,10.67,10.67,10.67,10.66,10.66,10.64,10.64,10.64,10.53,10.5,10.44,10.38,10.21,10.1,9.87,9.72,9.57,9.24,9.21,8.98,8.78,8.35,8.18,08.04,7.7,7.44,7.3,07.01,6.7,6.49,6.29,06.06,5.92,5.78,5.48,5.35,5,4.87,4.8,4.81,4.46,4.34,4.23,4.1,3.97,3.83,3.71,3.55,3.42,3.4,3.18,3.17,03.04,2.97,2.89,2.83,2.81,2.63,2.54,2.51,2.44,2.34,2.31
4A,4,2,10.58,10.1,9.65,9.39,09.06,8.97,8.79,8.47,8.42,8.33,8.15,8.2,8.18,8.16,8.2,8.29,8.37,8.47,8.71,8.84,8.99,9.35,9.57,9.79,10.18,10.54,10.76,10.89,11.08,11.2,11.26,11.28,11.22,11.12,10.9,10.56,10.42,9.99,9.83,9.54,9.18,8.9,8.5,8.49,8.18,08.03,7.94,7.74,7.61,7.57,7.54,7.48,7.52,7.57,7.59,7.7,7.75,08.03,8.2,8.33,8.36,8.47,8.66,8.8,8.84,8.95,8.94,8.87,8.85,8.71,8.58,8.33,8.3,8.12,7.85,7.61,7.37,7.13,6.85,6.6,6.36,5.85,5.65,5.54,5.32,4.86,4.76,4.68,4.47,4.15,04.09,3.79,3.69,3.55,3.43,3.34,3.19,03.04,2.97,2.86,2.69,2.58,2.47,2.4,2.33,2.27,2.18,2.16,02.08,02.04,1.95,1.87,1.83,1.74,1.72,1.63,1.61,1.58,1.54,1.5,1.48
4B,4,2,9.27,09.06,8.89,8.68,8.61,8.54,8.47,8.48,8.48,8.49,8.61,8.66,8.82,09.03,9.24,9.31,9.27,9.57,9.8,10.16,10.45,10.58,10.8,11.07,11.14,11.35,11.44,11.71,11.83,11.85,11.9,11.9,11.85,11.81,11.72,11.53,11.35,11.08,10.86,10.66,10.5,10.21,10.17,9.71,9.46,9.25,9.11,8.89,8.82,8.79,8.73,8.68,8.68,8.75,8.83,8.97,9.11,09.09,9.16,9.3,9.6,9.67,9.81,9.95,10.03,9.96,9.94,9.91,9.87,9.8,9.36,9.11,8.76,8.73,8.63,8.21,8.13,7.21,07.07,6.72,6.29,06.02,5.93,5.71,5.1,4.89,4.75,4.69,4.42,4.3,04.05,3.91,3.55,3.41,3.2,3.12,2.98,2.91,2.81,2.75,2.64,2.5,2.43,2.28,2.21,2.16,2.15,1.99,1.92,1.83,1.86,1.79,1.72,1.7,1.66,1.58,1.54,1.51,1.5,1.44,1.38
4C,4,2,9.46,8.72,8.69,8.5,8.31,8.16,08.08,08.09,7.97,08.05,08.09,8.12,8.31,8.46,8.61,8.85,9.18,9.45,9.8,10.39,10.99,11.35,11.61,11.65,12.56,13.25,13.84,14.04,14.35,15.03,15.26,15.56,15.58,15.94,15.99,15.57,15.39,15.41,14.62,14.54,13.97,13.01,12.42,11.88,11.17,11.24,10.78,10.67,10.41,10.25,10.03,9.95,9.87,9.95,9.99,10.06,10.21,10.64,10.99,11.23,11.28,11.85,11.88,12.3,12.27,12.78,12.79,12.87,12.98,12.96,12.83,12.78,12.42,12.38,11.89,11.23,11.28,10.46,10.17,9.51,9.21,8.74,8.44,8.14,7.55,7.13,6.84,6.3,6.12,5.77,5.4,5.52,5.29,4.91,4.64,4.57,4.23,04.04,3.88,3.69,3.62,3.51,3.21,3.17,03.03,2.85,2.82,2.71,2.67,2.61,2.5,2.37,2.26,2.25,2.2,2.1,02.03,02.02,1.9,1.8,1.78
5A,5,1,4.47,4.36,4.3,04.08,04.02,3.96,3.97,04.02,04.03,04.08,4.13,4.19,4.36,4.58,4.41,4.69,4.8,05.03,5.25,5.36,5.75,6.1,6.43,6.6,6.99,7.31,8,8.67,8.96,9.47,10.14,10.53,11.04,11.82,12.76,13.11,13.9,14.46,14.96,15.59,15.98,16.48,16.76,17.05,17.1,17.16,17.04,16.82,16.32,15.9,15.27,15.06,14.22,13.59,12.97,12.33,11.71,11.29,10.66,10.24,9.61,9.29,8.84,7.93,7.51,7.3,6.88,6.64,6.25,06.04,5.86,5.41,5.24,4.99,4.84,4.78,4.57,4.36,04.06,3.89,3.72,3.55,3.49,3.44,3.31,3.3,3.1,2.87,2.82,2.71,2.59,2.68,2.43,2.37,2.31,2.26,2.14,02.09,02.03,1.97,1.92,1.86,1.81,1.75,1.72,1.69,1.58,1.52,1.47,1.46,1.45,1.44,1.43,1.42,1.41,1.41,1.41,1.39,1.38,1.36,1.35
5B,5,1,20.24,19.81,19.39,18.96,18.71,18.37,18.13,18.02,17.91,17.68,17.79,17.56,17.28,17.21,17.16,17.1,16.98,16.87,16.64,16.41,16.07,15.84,15.72,15.04,14.7,14.25,13.79,13.56,13.1,12.76,12.19,11.73,11.62,11.27,11.16,10.82,10.47,10.24,10.13,10.02,9.79,9.57,9.56,9.44,9.44,9.55,9.56,9.78,9.89,10.01,10.68,10.46,10.8,11.37,11.48,11.71,11.84,12.51,12.96,13.3,14.1,14.33,14.89,15.46,16.03,16.94,17.51,18.31,19.11,19.67,20.58,20.81,21.61,22.29,22.97,23.43,23.54,24.11,24.23,24.34,24.46,24.45,24.43,24.01,23.87,23.16,23.08,22.39,21.89,21.36,20.2,19.77,19.35,18.51,18.08,17.65,16.81,16.39,15.54,15.11,14.53,13.85,13.43,13.01,12.12,11.73,11.43,10.75,10.18,9.95,9.49,9.15,8.92,8.35,8.12,7.95,7.78,7.55,7.49,07.07,6.75
5C,5,1,9.64,9.69,9.8,9.84,9.92,10.19,10.39,10.67,11.06,11.34,11.69,12.05,12.4,12.59,12.71,12.91,12.95,12.87,12.68,12.52,12.24,11.96,11.69,11.26,10.94,10.27,10.19,9.96,9.65,9.41,9.25,09.09,8.89,8.85,8.82,8.89,8.97,09.02,9.13,9.45,9.57,9.84,10.23,10.39,10.78,11.26,11.88,12.01,12.2,12.84,13.27,13.81,14.33,14.92,15.35,15.78,16.53,16.81,17.52,17.87,18.38,18.58,18.78,19.09,19.17,19.33,19.37,19.25,19.21,18.93,18.66,18.62,18.18,17.75,17.32,16.85,16.46,15.67,15.43,14.72,14.25,13.81,13.22,12.95,12.59,11.89,11.37,10.83,10.67,10.31,9.84,9.37,9.11,8.81,8.38,08.09,7.79,7.52,7.36,6.96,6.85,6.57,6.37,6.18,5.94,5.75,5.61,5.46,5.32,05.08,05.02,4.88,4.73,4.45,4.37,4.29,4.21,4.17,04.02,3.82,3.74
5D,5,1,14.45,14.35,14.36,14.04,14.12,14.21,14.37,14.54,14.62,14.79,14.87,14.95,15.13,15.21,15.37,15.46,15.37,15.29,15.13,14.96,14.79,14.46,13.97,13.71,13.55,12.8,12.64,11.97,11.23,10.65,10.23,9.98,9.32,8.73,8.24,08.08,7.57,6.99,6.91,6.74,6.41,6,5.91,5.84,5.34,5.26,5.17,05.09,4.84,4.75,4.67,4.75,4.51,4.59,4.34,4.1,4.26,4.43,4.34,4.43,4.51,4.76,4.68,4.84,4.93,4.93,5.1,5.35,5.43,5.68,5.76,06.02,6.35,6.68,6.85,07.02,7.18,7.59,08.02,8.34,8.68,8.84,9.51,9.85,10.18,10.51,10.84,11.09,11.51,11.76,12.34,12.59,12.84,13.18,13.26,13.43,13.51,13.59,13.6,13.68,13.59,13.43,13.18,12.85,12.68,12.35,12.1,12.02,11.44,11.12,10.69,10.53,10.11,9.78,9.56,9.25,8.92,8.6,8.27,7.96,7.63
5E,5,1,18.75,18.08,17.75,17.25,17.08,16.75,16.58,16.75,16.91,16.91,17.07,17.07,17.4,17.57,17.73,17.73,17.9,18.07,18.07,18.4,18.23,18.07,17.89,17.73,17.57,17.39,17.06,16.9,16.56,16.39,16.23,16.06,15.89,15.89,15.73,15.61,15.56,15.72,15.89,16.05,16.22,16.72,17.21,17.38,17.54,18.04,18.54,19.04,19.54,20.37,21.03,21.53,22.53,23.52,25.02,26.51,27.51,28.34,29.67,30.83,32.16,33.32,34.49,35.65,36.65,37.64,37.64,39.14,39.63,39.79,39.96,39.79,39.63,39.96,38.79,38.13,37.3,36.13,35.47,33.97,32.64,31.65,30.65,29.15,27.99,26.82,25.99,24.33,23.5,22.66,21.83,20.83,19.84,19.17,18.17,17.51,16.67,16.17,15.34,14.68,14.51,13.68,13.18,12.51,12.18,11.68,11.35,10.85,10.51,9.85,9.68,9.51,9.18,8.84,8.68,8.51,8.18,08.01,7.68,7.51,7.18
6B,6,2,20.54,19.28,18.47,17.96,17.46,17.05,16.7,16.45,16.3,16.25,16.35,16.39,16.63,16.7,16.99,17.11,17.34,17.36,17.46,17.41,17.33,17.17,17.03,16.44,16.05,15.59,15.03,14.8,13.52,13.06,12.12,11.7,11.31,10.79,10.28,9.88,9.24,09.07,8.79,8.46,8.36,8.16,8,7.91,7.83,7.78,7.75,7.81,7.86,7.93,08.06,8.23,8.41,8.6,8.82,8.98,9.34,9.72,10.12,10.34,10.64,11.23,11.65,11.8,12.23,12.49,12.93,13.38,13.76,14.06,14.38,14.54,14.71,14.84,14.89,14.9,14.79,14.72,14.58,14.39,14.09,13.72,13.39,13.01,12.6,12.16,11.91,11.4,11.05,10.54,10.17,9.7,9.27,8.82,8.67,8.32,7.79,7.37,7.31,07.02,6.8,6.5,6.18,06.04,5.8,5.56,5.36,5.13,4.98,4.77,4.68,4.48,4.33,4.17,04.09,3.92,3.79,3.72,3.57,3.42,3.32
7A,7,2,14.49,14.27,14.25,14.11,14.16,14.09,14.23,14.5,14.86,15.14,15.59,15.87,16.5,17.07,17.6,18.61,19.16,19.64,20.35,21.18,21.98,22.47,23.2,23.25,23.76,23.78,23.52,23.39,23.02,22.29,21.55,20.81,19.53,19.11,17.46,17.14,15.81,14.87,14.2,13.47,12.32,11.58,11.13,10.9,10.21,9.81,9.36,09.04,8.88,8.53,8.37,8.24,8.16,8.12,08.05,08.02,7.96,08.02,08.07,8.16,8.18,8.24,8.29,8.29,8.33,8.29,8.23,8.24,8.19,08.05,7.91,7.73,7.63,7.31,7.15,07.04,6.8,6.64,6.53,6.3,6.14,06.03,5.86,5.85,5.69,5.64,5.56,5.47,5.42,5.42,5.45,5.36,5.36,5.32,5.31,5.31,5.25,5.25,5.2,5.18,05.09,05.03,4.92,4.79,4.7,4.53,4.31,4.2,04.09,3.92,3.73,3.68,3.59,3.72,3.32,3.14,03.04,2.84,2.76,2.65,2.54
7B,7,2,11.98,10.89,10.49,9.79,9.51,8.93,8.71,8.4,8.28,08.08,7.89,7.84,7.77,7.72,7.77,7.88,7.99,8.16,8.22,8.5,8.86,9.27,9.34,10.21,10.49,11.07,11.59,12.33,12.81,13.73,14.37,14.66,15.54,15.88,15.92,16.08,16.15,15.92,15.5,15.11,14.3,13.96,13.49,13.03,11.69,11.4,10.53,10.2,9.86,9.48,9.13,8.94,8.74,8.55,8.49,8.38,8.33,8.22,8.16,8.11,08.09,7.94,7.83,7.63,7.31,7.21,6.77,6.6,6.18,5.88,5.59,5.37,05.09,4.78,4.42,4.25,3.96,3.75,3.53,3.41,3.25,03.03,2.92,2.69,2.58,2.47,2.3,2.19,02.08,02.02,1.98,1.91,1.8,1.69,1.63,1.58,1.52,1.46,1.41,1.35,1.3,1.29,1.24,1.19,1.13,01.07,01.05,01.02,01.01,0.98,0.96,0.91,0.88,0.87,0.86,0.84,0.83,0.77,0.73,0.71,0.68
8A,8,3,03.04,3.15,3.27,3.35,3.5,3.58,3.69,3.86,04.04,4.16,4.25,4.46,4.59,4.75,4.92,5.17,5.29,5.52,5.69,5.98,6.23,6.38,6.69,6.93,7.13,7.47,7.76,08.02,8.4,8.68,8.98,9.31,9.91,10.04,10.54,11.12,11.37,11.97,12.31,12.88,13.28,14.19,14.89,15.28,15.99,16.32,16.98,17.82,18.14,19.38,19.69,21.03,21.13,21.95,22.7,23.66,24.75,25.27,25.19,26.11,26.99,27.28,28.57,29.14,29.49,30.11,30.41,31.13,31.36,31.59,31.75,31.91,31.98,32.03,31.98,31.87,31.67,31.44,31.21,30.75,30.54,29.97,29.72,29.66,28.6,28.03,27.23,26.82,26.29,25.8,25.24,24.75,23.71,23.4,22.83,21.87,21.71,21.14,20.48,20.27,19.3,18.99,18.65,17.98,17.47,17,16.58,16.14,15.63,15.41,14.8,14.52,14.6,13.85,13.54,13.41,12.98,12.55,12.3,11.98,11.6
8B,8,3,1.70,1.77,1.87,1.95,02.03,02.09,2.22,2.3,2.36,2.49,2.58,2.72,2.85,2.95,03.08,3.27,3.34,3.53,3.68,3.81,04.06,4.14,4.39,4.6,4.86,5.11,5.39,5.55,5.92,6.25,6.5,6.93,7.29,7.69,08.01,8.42,8.76,9.28,9.77,10.2,10.97,11.38,12.11,13.05,13.09,13.82,14.81,15.24,16.06,17.02,17.49,17.97,18.66,19.06,19.64,20.34,20.94,21.33,21.73,21.87,22.21,22.31,22.32,22.25,22.12,21.92,21.59,21.45,20.63,20.22,19.87,19.29,18.29,17.79,17.64,16.93,16.19,15.84,15.15,14.77,13.99,13.65,13.75,12.64,12.14,11.56,11.25,10.86,10.31,9.99,9.62,9.28,8.88,8.61,8.24,08.02,7.78,7.55,7.44,07.08,6.84,6.6,6.44,6.18,6,5.78,5.62,5.39,5.32,5.19,4.99,4.89,4.73,4.6,4.48,4.4,4.31,4.14,04.07,3.97,3.87
8C,8,3,7.15,7.38,7.84,8.15,8.71,9,9.61,10.23,10.59,11.15,11.61,12.14,13.35,13.78,14.49,14.77,15.37,16.2,17.18,17.8,18.54,19.15,19.76,19.81,20.98,21.44,21.84,22.31,22.62,22.85,23.07,23.17,23.16,23.13,23.01,22.91,22.44,22.09,21.68,21.17,20.76,20.24,19.75,19.61,18.96,18.05,17.48,16.79,16.15,15.99,15.15,14.79,14.02,13.55,12.97,12.81,12.16,11.7,11.53,11.07,10.59,10.3,9.93,9.64,9.32,8.95,8.81,8.53,8.22,7.9,7.67,7.43,7.12,6.94,6.7,6.56,6.38,6.2,5.99,5.91,5.72,5.58,5.49,5.3,5.15,05.07,4.85,4.75,4.63,4.55,4.43,4.35,4.15,4.12,04.04,3.99,3.88,3.8,3.69,3.6,3.5,3.49,3.41,3.33,3.29,3.2,3.17,3.12,03.03,2.94,2.89,2.85,2.78,2.74,2.7,2.69,2.62,2.54,2.5,2.47,2.46
8D,8,3,1.4,1.49,1.51,1.57,1.61,1.66,1.77,1.81,1.92,02.01,02.07,2.13,2.23,2.33,2.43,2.53,2.6,2.74,2.84,2.95,3.1,3.2,3.4,3.51,3.59,3.86,3.97,4.15,4.38,4.58,4.79,4.99,5.3,5.5,5.77,6.17,6.37,6.73,6.9,7.33,7.65,08.06,8.34,8.87,9.65,9.9,10.47,10.91,11.41,11.8,12.5,13.34,13.6,14.83,15.05,16.03,16.53,17.24,17.96,18.79,19.39,20.21,20.84,21.59,21.97,22.69,22.97,23.55,23.99,24.26,24.35,24.43,24.55,24.5,24.46,24.2,23.87,23.68,23.18,22.53,22.44,21.7,20.99,20.53,19.94,19.27,18.55,18.39,17.39,16.91,16.28,15.93,15.09,14.47,14.03,13.66,13.19,12.33,12.6,11.78,11.48,11.05,10.45,10.17,9.88,9.55,9.31,8.96,8.81,8.25,8.19,7.94,7.59,7.46,7.17,6.88,6.81,6.66,6.46,6.3,6.1
8E,8,3,2.92,3.10,3.1,3.27,3.37,3.57,3.72,3.95,4.1,4.31,4.47,4.76,05.04,5.23,5.49,5.84,6.1,6.45,6.79,7.21,7.57,7.88,8.44,09.02,9.37,9.99,10.61,11.2,11.81,12.39,13.06,13.72,14.73,15.13,15.82,16.14,17.24,18.18,18.65,19.31,20.04,20.36,20.65,21.02,21.44,21.68,21.74,21.74,21.67,21.4,21.12,21.07,20.39,19.96,19.62,18.65,18.47,18.32,17.43,17.23,16.31,15.9,15.4,15.11,14.61,14.25,13.72,13.42,13.24,12.9,12.56,12.42,12.06,12.03,11.81,11.68,11.59,11.5,11.42,11.37,11.33,11.42,11.37,11.42,11.49,11.57,11.59,11.67,11.78,11.82,11.98,12.11,12.18,12.29,12.37,12.5,12.53,12.52,12.59,12.59,12.55,12.50,12.42,12.29,12.2,11.98,11.76,11.59,11.42,11.18,10.95,10.74,10.44,10.02,9.76,9.61,9.15,8.89,8.74,8.41,7.83
8F,8,3,4.75,4.86,05.08,5.17,5.37,5.6,5.79,5.99,6.24,6.46,6.72,6.94,7.29,7.54,7.85,8.16,8.43,8.75,9.1,9.51,9.92,10.34,10.97,11.29,11.66,12.09,12.76,13.27,13.78,14.22,14.62,15.05,15.43,15.92,16.38,16.83,17.23,17.52,17.67,17.84,18.03,18.14,18.2,18.14,18.01,17.82,17.64,17.52,17.26,16.95,16.65,16.33,16.02,15.55,15.14,14.98,14.63,14.11,13.75,13.44,13.25,12.9,12.56,12.4,12.09,11.83,11.58,11.37,11.15,10.86,10.75,10.59,10.34,10.17,9.96,9.82,9.61,9.46,9.26,9.1,8.91,8.68,8.5,8.31,8.22,7.96,7.8,7.6,7.35,7.24,07.08,6.93,6.72,6.51,6.42,6.21,5.99,5.89,5.74,5.58,5.43,5.27,5.16,05.01,4.86,4.75,4.65,4.5,4.39,4.24,4.13,04.02,3.93,3.82,3.77,3.67,3.57,3.4,3.41,3.27,3.26
8G,8,3,0.46,0.46,0.51,0.54,0.54,0.55,0.57,0.6,0.62,0.63,0.64,0.65,0.69,0.72,0.73,0.74,0.75,0.78,0.79,0.84,0.87,0.88,0.92,0.93,0.97,0.99,01.02,01.07,1.11,1.12,1.13,1.17,1.18,1.21,1.25,1.34,1.35,1.41,1.44,1.48,1.58,1.58,1.67,1.72,1.76,1.89,1.9,2,02.04,2.13,2.18,2.32,2.37,2.46,2.55,2.69,2.78,2.96,03.02,3.16,3.25,3.43,3.62,3.71,3.93,04.08,4.27,4.5,4.69,4.86,5.1,5.34,5.56,5.85,6.13,6.36,6.71,07.03,7.39,7.77,8.14,8.47,8.84,9.28,9.64,10.37,10.73,11.11,11.52,11.88,12.25,12.86,13.23,13.5,13.97,14.19,14.53,14.75,15.03,15.17,15.31,15.38,15.45,15.41,15.31,15.22,15.1,14.81,14.61,14.39,14.02,13.72,13.41,13.08,12.71,12.65,11.94,11.61,11.23,10.9,10.58
9,9,1,37,35.65,34.85,34.49,33.51,32.7,31.1,30.73,30.07,28.58,27.82,27.83,26.34,25.62,24.91,24.16,23.57,22.76,22.17,21.6,20.97,20.31,19.66,19.3,19.1,18.46,18.08,17.68,17.12,16.71,16.22,16.15,15.74,15.54,15.23,15.03,14.73,14.67,14.42,14.31,14.12,14.02,13.82,13.93,13.75,13.71,13.61,13.71,13.72,13.75,13.82,13.91,14.02,14.12,14.22,14.42,14.53,14.83,15.24,15.44,15.75,15.95,16.35,16.67,17.07,17.73,17.98,18.28,18.91,19.54,19.8,20.41,21.42,21.78,22.29,23.03,23.39,23.77,24.73,24.99,25.9,26.39,27.06,27.33,27.82,28.04,28.14,28.44,28.65,28.85,28.95,28.95,28.85,28.74,28.54,28.4,28.04,27.73,27.33,26.7,26.51,26.11,25.23,24.68,23.92,23.77,23.36,22.45,21.84,21.3,20.82,20.32,19.61,19.1,18.52,18.38,17.3,16.67,16.46,16.25,15.42
10A,10,4,2.94,2.97,3.1,3.21,3.28,3.36,3.57,3.51,3.71,3.89,3.94,3.99,4.18,4.32,4.29,4.64,4.7,4.86,4.99,5.4,5.61,5.68,5.99,6.2,6.34,6.31,6.92,7.28,7.42,7.71,8.18,8.52,09.03,9.12,9.78,10.18,10.91,11.44,11.89,12.42,12.9,13.38,14.74,15.45,16.11,16.79,17.53,18.08,19.01,19.88,20.72,21.42,22.13,23.81,24.63,25.32,25.97,26.73,27.08,27.51,27.8,28.07,28.21,27.83,27.78,27.18,26.52,25.81,25.78,25.24,24.17,23.75,23.08,22.83,21.73,21.41,20.65,19.84,19.03,18.37,17.67,17.07,16.53,16.24,15.58,14.85,14.19,14.04,13.46,13.36,12.41,12.15,11.74,11.34,10.93,10.67,9.99,9.85,9.31,8.91,8.43,8.37,7.96,7.78,7.44,7.4,6.79,6.56,6.39,06.07,5.8,5.67,5.53,5.26,5.11,4.86,4.72,4.59,4.31,4.23,3.99
10B,10,4,5.1,5.36,5.4,5.53,5.67,5.71,5.93,06.07,6.24,6.41,6.46,6.77,6.91,07.08,7.43,7.73,7.95,7.97,8.35,8.56,8.85,09.02,9.43,9.68,10.14,10.4,10.68,11.11,11.34,12.19,12.26,12.88,13.67,14.36,14.63,15.13,16.09,16.24,16.74,17.61,18.51,18.79,19.6,20.49,22.11,22.52,23.37,24.54,25.13,25.47,26.99,27.75,28.79,29.17,29.27,30.22,30.55,31.19,31.48,31.55,31.74,31.74,31.41,30.94,30.5,30.26,29.86,28.61,28.24,27.53,27.04,26.79,25.19,24.63,24.18,23.5,22.44,22.21,21.14,20.78,19.73,19.23,18.58,17.54,17.27,16.78,16.91,15.84,15.43,14.7,14.2,14.05,13.83,13.41,12.73,12.33,12.05,11.64,11.4,11.03,10.55,10.58,9.98,9.65,9.27,9.13,8.88,8.48,08.08,7.79,7.32,7.48,7.16,6.94,6.84,6.46,6.41,6.1,06.08,5.87,5.41
10C,10,4,7.1,7.13,7.25,7.38,7.63,7.69,7.84,7.88,8,8.13,8.4,8.43,8.63,8.61,9.13,9.2,9.42,9.67,9.93,10.01,10.26,10.55,10.91,11.24,11.39,11.64,12.09,12.42,12.86,13.14,13.64,14.02,14.3,14.98,15.5,16.21,16.57,17.19,17.65,18.34,18.91,19.81,20.4,21.02,21.66,22.25,23.04,23.85,24.39,25.65,26.71,27.54,28.18,28.9,29.69,30.28,30.72,31.65,32.15,32.65,32.73,33.2,33.41,33.53,33.41,33.29,33.03,32.67,32.28,31.66,31.79,30.54,29.47,29.16,28.25,28.37,27.02,26.63,25.78,25.25,24.78,24.08,23.8,23.02,22.54,22.35,21.72,21.34,20.96,20.42,20.09,19.86,19.28,18.94,18.85,18.17,17.43,17.07,16.9,16.29,15.95,15.31,14.94,14.62,14.1,13.67,13.18,12.93,12.43,12.07,11.65,11.18,10.68,10.43,10.01,9.48,09.01,8.81,8.43,08.06,7.91
10D,10,4,6.34,6.36,6.53,6.54,6.69,6.7,6.84,6.93,7.12,7.19,7.36,7.48,7.6,7.72,7.83,08.07,8.18,8.3,8.53,8.76,8.84,09.07,9.35,9.7,9.9,10.14,10.43,10.74,11.12,11.4,11.83,12.38,12.73,13.08,13.89,14.28,14.98,15.29,15.94,16.36,16.79,17.01,18.43,19.18,19.85,19.99,21.48,22.14,22.85,24.47,24.77,26.02,27.45,27.94,29.24,29.98,30.64,30.86,32.49,32.51,33.75,34.08,34.31,34.27,34.48,34.17,33.66,32.7,32.61,32.02,30.63,29.93,28.59,28.08,26.82,26.62,25.68,24.39,23.51,21.61,21.09,20.46,19.75,18.75,18.28,17.48,16.37,15.73,15.37,14.82,14.27,13.97,13.57,13.03,12.56,12.09,11.23,10.89,10.92,10.48,10.1,9.55,9.25,09.03,8.57,8.11,7.76,7.53,7.32,6.82,6.51,6.16,6.1,5.86,5.59,5.2,5.28,05.04,4.81,4.57,4.27
10E,10,4,7.34,7.45,7.56,7.71,7.82,7.9,08.08,8.22,8.34,8.51,8.63,8.89,09.02,9.17,9.4,9.72,9.94,10.15,10.36,10.62,10.9,11.56,11.65,11.92,12.43,12.5,13.17,13.61,13.85,14.55,14.9,15.6,16.77,17.24,17.33,19.02,19.28,20.67,21.38,22.76,23.46,24.78,25.37,26.36,28.76,29.91,31.82,32.56,34.16,36.48,37.24,39.64,41.51,44.06,45.57,47.55,49.71,51.31,51.33,52.62,53.56,53.49,53.67,53.04,51.99,50.38,49.87,48.17,45.62,43.86,41.07,40.69,35.31,33.94,32.49,32.35,29.63,28.93,27.18,26.3,24.51,23.01,22.54,20.73,19.91,19.44,19.01,18.34,17.89,17.8,17.28,16.95,16.74,16.63,16.63,16.63,16.63,16.63,16.63,16.63,16.74,16.85,16.95,17.06,17.06,17.06,17.06,16.93,16.65,16.63,16.48,16.14,15.82,15.78,15.03,14.6,14.49,13.93,13.39,12.96,12.52
10F,10,4,10.13,10.42,10.48,10.57,10.62,10.67,10.74,10.86,11.01,11.32,11.24,11.36,11.59,11.82,12.01,11.97,12.5,12.69,12.77,13.08,13.27,13.5,13.88,14.21,14.63,14.82,15.15,15.49,15.93,16.17,16.75,17.26,17.81,18.67,19.19,19.58,20.09,20.36,21.57,22.56,23.04,23.63,24.34,25.52,26,26.7,27.84,28.63,28.84,30.13,31.05,31.19,31.3,32.13,32.4,32.99,32.74,33.15,33.01,32.09,31.56,31.13,31.05,30.2,28.92,28.89,28.27,27.55,26.07,25.45,24.4,23.04,22.53,21.18,20.59,19.73,18.88,17.39,16.86,16.26,15.31,14.86,14.25,14.19,13.76,13.14,12.83,12.39,12.1,11.73,11.5,11.39,11.17,10.96,10.78,10.84,10.74,10.55,10.62,10.62,10.62,10.62,10.62,10.62,10.62,10.73,10.84,10.95,11.06,11.17,11.28,11.5,11.62,11.83,11.97,12.39,12.61,12.88,13.27,13.54,13.81
10G,10,4,2.28,2.67,2.83,2.97,3.12,3.23,3.33,3.38,3.51,3.62,3.72,3.95,04.03,4.13,4.34,4.45,4.77,4.9,5.17,5.3,5.6,5.85,06.08,6.33,6.58,07.02,7.23,7.68,7.89,7.99,8.66,9.1,9.94,10.35,10.79,10.93,12.47,12.77,13.38,14.81,15.95,16.57,17.26,17.98,19.3,19.5,21.21,23.4,24.48,25.83,26.02,27.22,28.15,30.91,31.16,32.46,32.81,33.12,33,32.79,32.46,31.79,31.14,29.44,28.29,27.7,25.84,24.1,23.99,22.48,21.93,19.14,18.53,17.97,16.89,16.46,14.45,13.9,13.58,12.28,11.88,11.43,10.96,10.83,9.41,9.31,8.72,8.61,8.29,7.89,7.46,7.13,6.91,6.58,6.25,06.03,5.7,5.48,5.26,05.04,4.82,4.61,4.39,04.08,04.01,3.84,3.73,3.51,3.29,3.18,03.07,2.85,2.74,2.63,2.52,2.41,2.41,2.41,2.18,1.93,1.79
10H,10,4,17.2,17.57,18.22,18.65,19.2,20.04,20.57,20.77,22.12,22.52,23.27,24.49,24.84,25.16,26.83,27.23,27.98,28.66,29.83,30.02,32.19,32.61,33.19,33.46,33.83,35.03,35.47,35.68,35.79,35.79,35.68,35.47,35.3,34.37,34.01,32.97,31.85,30.56,29.87,29.71,28.12,27.41,26.47,24.2,23.56,22.93,20.69,20.11,19.85,18.22,17.99,16.67,15.29,15.31,14.72,13.56,13.01,12.58,11.93,11.61,10.98,10.56,10.24,10.15,9.87,9.4,9.33,9.11,9,8.89,8.68,8.57,8.46,8.46,8.35,8.46,8.57,8.68,8.69,8.79,8.89,9.11,9.22,9.44,9.65,9.87,10.09,10.3,10.62,10.85,11.06,11.39,11.61,11.81,12.19,12.44,12.72,13.05,13.11,13.26,13.45,13.56,13.59,13.63,13.81,13.92,13.66,13.55,13.45,13.26,12.92,12.8,12.66,12.26,11.88,11.5,11.39,11.06,10.74,10.32,10.27