artigo,grupo,tag,molecules,smiles,Formula molecular,Massa molar,lambda max linear (nm),mu01 (D),mu12 (D),mu13 (D),deltamu01 (D),Seção de choque(GM),solvente,simetria,Bandas TPA,doi
1,1,1A,(E)-chalcone,O=C(C1=CC=CC=C1)/C=C/C2=CC=CC=C2,C15H12O,208.25,308,6.24,5.29,0,3.93,9,methanol,Asymmetric,1,https://doi.org/10.1016/j.cplett.2016.02.009
1,1,1B,(E)-3-(4-methoxyphenyl)-1-phenylprop-2-en-1-one,O=C(C1=CC=CC=C1)/C=C/C2=CC=C(OC)C=C2,C16H14O2,238.28,343,3.38,7.62,0,7.87,14,methanol,Asymmetric,1,https://doi.org/10.1016/j.cplett.2016.02.009
2,,2," 1E,4E-1-(4-chlorophenyl)-5-(2,6,6- trimethylcyclohexen-1-yl)penta-1,4-dien-3-one",O=C(/C=C/C1=C(C)CCCC1(C)C)/C=C/C2=CC=C(Cl)C=C2,C20H23ClO,314.84,328,NA,NA,NA,NA,32,dmso,Asymmetric,1,https://doi.org/10.1016/j.saa.2018.06.099
3,2,3,(E)-3-(2-bromophenyl)-1-(2-((phenylsulfonyl)amine))phenyl)prop-2-en-1-one (BRC),O=C(C1=CC=CC=C1NS(=O)(C2=CC=CC=C2)=O)/C=C/C3=CC=CC=C3Br,C21H16BrNO3SNa,442.32,315,7.6,4.4,4.4,3.1,17,dmso,Asymmetric,2,https://doi.org/10.1021/acs.jpcc.9b01063
4,2,4A,(E)-3-(2-chlorophenyl)-1-(2-(phenylsulfonylamine)phenyl)prop-2-en-1-one,O=C(C1=CC=CC=C1NS(=O)(C2=CC=CC=C2)=O)/C=C/C3=CC=CC=C3Cl,C21H16ClNO3S,397.87,318,6.4,4,4,4.6,12,dmso,Asymmetric,2,https://doi.org/10.1016/j.molstruc.2019.126896
4,2,4B,(E)-3-(2-fluoro-phenyl)-1-(2-(phenylsulfonylamine) phenyl)prop-2-en-1-one,O=C(C1=CC=CC=C1NS(=O)(C2=CC=CC=C2)=O)/C=C/C3=CC=CC=C3F,C21H16FNO3S,381.42,318,7.2,4.4,4.5,3.8,12,dmso,Asymmetric,2,https://doi.org/10.1016/j.molstruc.2019.126896
4,2,4C,(E)-3-(4-fluorophenyl)-1-(2-(phenyl sulfonylamine)phenyl)prop-2-en-1-one ,O=C(C1=CC=CC=C1NS(=O)(C2=CC=CC=C2)=O)/C=C/C3=CC=C(F)C=C3,C21H16FNO3S,381.42,318,6.5,4.4,4.5,6.5,15,dmso,Asymmetric,2,https://doi.org/10.1016/j.molstruc.2019.126896
5,1,5A,(E)-1-(4-methoxyphenyl)-3-phenylprop-2-en-1-one,O=C(C1=CC=C(OC)C=C1)/C=C/C2=CC=CC=C2,C16H14O2,238.28,315,9.2,2,0,3.4,17,dcm,Symmetric,1,https://doi.org/10.1016/j.saa.2019.117772
5,1,5B,"(E)-1,3-bis(4-methoxyphenyl)prop-2-en-1-one",O=C(C1=CC=C(OC)C=C1)/C=C/C2=CC=C(OC)C=C2,C17H16O3,268.31,338,9.4,2.3,2,3.9,24,dcm,Symmetric,2,https://doi.org/10.1016/j.saa.2019.117772
5,1,5C,"(E)-1-(benzo[d][1,3]dioxol-5-yl)-3-(4-methoxyphenyl) prop-2-en-1-one",O=C(C1=CC=C(OCO2)C2=C1)/C=C/C3=CC=C(OC)C=C3,C17H14O4,282.29,345,5.2,3.1,3.6,6.9,20,dcm,Asymmetric,2,https://doi.org/10.1016/j.saa.2019.117772
5,1,5D,(E)-3-(naphthalen-1-yl)-1-phenylprop-2-en-1-one,O=C(C1=CC=CC=C1)/C=C/C2=C3C=CC=CC3=CC=C2,C19H14O,258.31,350,7.6,2.4,1.8,3.6,19,dcm,Asymmetric,2,https://doi.org/10.1016/j.saa.2019.117772
5,1,5E,(E)-1-(4- methoxyphenyl)-3-(naphthalen-1-yl)prop-2-en-1-one,O=C(C1=CC=C(OC)C=C1)/C=C/C2=C3C=CC=CC3=CC=C2,C20H16O2,288.34,350,9.1,2.1,2.5,4.1,40,dcm,Asymmetric,2,https://doi.org/10.1016/j.saa.2019.117772
6,2,6A,(E)-N-(2-(3-(4- ethoxyphenyl)-1-(2-(phenylsulfonylamine)phenyl)prop-2-en-1- one,O=C(C1=CC=CC=C1NS(=O)(C2=CC=CC=C2)=O)/C=C/C3=CC=C(OCC)C=C3,C23H21NO4S,407.48,360,6.2,7.8,0,9,26,dmso,Asymmetric,1,https://doi.org/10.1016/j.molstruc.2020.127845
6,2,6B,(E)-3-(4-chlorophenyl)-1-(2-(phenylsulfonylamine) phenyl)prop-2-en-1-one,O=C(C1=CC=CC=C1NS(=O)(C2=CC=CC=C2)=O)/C=C/C3=CC=C(Cl)C=C3,C21H16ClNO3S,397.87,325,7.3,2.3,3.7,5.1,18,dmso,Asymmetric,2,https://doi.org/10.1016/j.molstruc.2020.127845
6,2,6C,(E)-3-(4-bromophenyl)-1-(2- (phenylsulfonylamine)phenyl)prop-2-en-1-one,O=C(C1=CC=CC=C1NS(=O)(C2=CC=CC=C2)=O)/C=C/C3=CC=C(Br)C=C3,2(C21H16BrNO3S),884.65,325,8.4,3.2,5,4.2,20,dmso,Asymmetric,1,https://doi.org/10.1016/j.molstruc.2020.127845
7,2,7A,(E)-3-(2-methoxyphenyl)-1-(2-(phenylsulfonylamine)phenyl)prop-2-en-1-one,O=C(C1=CC=CC=C1NS(=O)(C2=CC=CC=C2)=O)/C=C/C3=CC=CC=C3OC,C22H19NO4S,393.46,360,2.8,0,10.2,5.8,24,dmso,Symmetric,3,https://doi.org/10.1039/D0CP06469F
7,2,7B,(E)-3-(3-nitrophenyl)-1-(2-(phenylsulfonylamine)phenyl)prop-2-en-1-one,O=C(C1=CC=CC=C1NS(=O)(C2=CC=CC=C2)=O)/C=C/C3=CC=CC([N+]([O-])=O)=C3,C21H16N2O5S,408.43,300,1,0,25.5,1,17,dmso,Asymmetric,3,https://doi.org/10.1039/D0CP06469F
8,3,8A,"(1e,4e)-1-(4-chlorophenyl)-5-(2,6,6-trimethylciclohex-1-en-1-yl)penta-1,4-dien-3-one",O=C(/C=C/C1=C(C)CCCC1(C)C)/C=C/C2=CC=C(Cl)C=C2,C19H23ClNO,316.84,330,6.2,0,0,11.1,32,dmso,Asymmetric,1,https://doi.org/10.1016/j.jphotochem.2022.113898
8,3,8B,"(1e,4e)-1-(4-bromophenyl)-5-(2,6,6-trimethylciclohex-1-en-1-yl)penta-1,4-dien-3-one",O=C(/C=C/C1=C(C)CCCC1(C)C)/C=C/C2=CC=C(Br)C=C2,C20H23BrO,359.3,330,5.9,0,0,8.1,23,dmso,Asymmetric,1,https://doi.org/10.1016/j.jphotochem.2022.113898
8,3,8C,"(1E,4E)-1-(p-tolyl)-5-(2,6,6-trimethylciclohex-1-en-1-yl)penta1,4-dien-3-one",O=C(/C=C/C1=C(C)CCCC1(C)C)/C=C/C2=CC=C(C)C=C2,C21H26O,294.43,330,4.2,0,0,14.1,25,dmso,Asymmetric,1,https://doi.org/10.1016/j.jphotochem.2022.113898
8,3,8D,"(1E,4E)-1-(4-methoxyphenyl)-5-(2,6,6- trimethylciclohex-1-en-1-yl)penta-1,4-dien-3-one",O=C(/C=C/C1=C(C)CCCC1(C)C)/C=C/C2=CC=C(OC)C=C2,C21H26O2,310.43,350,5.2,0,0,11.1,25,dmso,Asymmetric,1,https://doi.org/10.1016/j.jphotochem.2022.113898
8,3,8E,"(1E,4E)- 1-(2-nitrophenyl)-5-(2,6,6-trimethylciclohex-1-en-1-yl)penta-1,4-dien3-one",O=C(/C=C/C1=C(C)CCCC1(C)C)/C=C/C2=CC=CC=C2[N+]([O-])=O,C20H24NO3,326.41,350,3.6,6.5,0,8.1,23,dmso,Asymmetric,2,https://doi.org/10.1016/j.jphotochem.2022.113898
8,3,8F,"(1E,4E)-1-(3-nitrophenyl)-5-(2,6,6-trimethylciclohex-1-en-1-yl)penta-1,4-dien-3-one",O=C(/C=C/C1=C(C)CCCC1(C)C)/C=C/C2=CC=CC([N+]([O-])=O)=C2,C20H24NO3,326.41,270,3.8,5.9,0,8.1,18,dmso,Asymmetric,1,https://doi.org/10.1016/j.jphotochem.2022.113898
8,3,8G,"(1E,4E)-1-(4-nitrophenyl)-5-(2,6,6-trimethylciclohex-1-en-1-yl)penta-1,4-dien-3-one",O=C(/C=C/C1=C(C)CCCC1(C)C)/C=C/C2=CC=C([N+]([O-])=O)C=C2,C20H24NO3,326.41,350,1.4,7,0,12.1,15,dmso,Asymmetric,1,https://doi.org/10.1016/j.jphotochem.2022.113898
9,1,9,"(E)-1-phenyl-3-(3,4,5-trimethoxyphenyl)prop-2-en-1-one",O=C(C1=CC=CC=C1)/C=C/C2=CC(OC)=C(OC)C(OC)=C2,C18H18O4,298.33,340,6,4.1,7.2,10.1,28,dcm,Asymmetric,1,https://doi.org/10.1016/j.optmat.2023.113510
10,4,10A,N-[4-[(2E)-1-Oxo-3-phenyl-2-propen-1-yl]phenyl]acetamide,CC(NC1=CC=C(C(/C=C/C2=CC=CC=C2)=O)C=C1)=O,C17H15NO2,265.31,336,5.9,3.3,0,NA,15,dmso,Asymmetric,2,https://doi.org/10.3390/molecules28041572
10,4,10B,N-[4-[(2E)-3-(4-Methylphenyl)-1-oxo-2-propen-1-yl]phenyl]acetamide,CC(NC1=CC=C(C(/C=C/C2=CC=C(C)C=C2)=O)C=C1)=O,C17H17N2O2,281.33,342,6.5,4.2,0,NA,32,dmso,Asymmetric,2,https://doi.org/10.3390/molecules28041572
10,4,10C,N-[4-[(2E)-3-(4-ehtylphenyl)-1-oxo-2-propen-1-yl]phenyl]acetamide,CC(NC1=CC=C(C(/C=C/C2=CC=C(CC)C=C2)=O)C=C1)=O,C20H21N2O,305.39,355,6.3,4.9,0,NA,33,dmso,Asymmetric,2,https://doi.org/10.3390/molecules28041572
10,4,10D,N-[4-[(2E)-3-(4-Methoxyphenyl)-1-oxo-2-propen-1-yl]phenyl]acetamide,CC(NC1=CC=C(C(/C=C/C2=CC=C(OC)C=C2)=O)C=C1)=O,C18H17NO3,295.33,342,6.4,3.9,0,NA,33,dmso,Asymmetric,2,https://doi.org/10.3390/molecules28041572
10,4,10E,N-[4-[(2E)-3-(4-Ethoxyphenyl)-1-oxo-2-propen-1-yl]phenyl]acetamide,CC(NC1=CC=C(C(/C=C/C2=CC=C(OCC)C=C2)=O)C=C1)=O,C19H19NO3,309.36,355,6.7,4.5,0,NA,53,dmso,Asymmetric,2,https://doi.org/10.3390/molecules28041572
10,4,10F,N-[4-[(2E)-3-(4-(Dimethylamino)phenyl)-1-oxo-2-propen-1-yl]phenyl]acetamide,CC(NC1=CC=C(C(/C=C/C2=CC=C(N(C)C)C=C2)=O)C=C1)=O,C19H20N2O2,308.37,422,7.5,4.7,0,7.1,54,dmso,Asymmetric,2,https://doi.org/10.3390/molecules28041572
10,4,10G,N-[4-[3-(4-Bromophenyl)-1-oxo-2-propen-1-yl]phenyl]acetamide,CC(NC1=CC=C(C(/C=C/C2=CC=C(Br)C=C2)=O)C=C1)=O,C17H11NBrO2,341.18,336,6.5,4.3,0,NA,33,dmso,Asymmetric,2,https://doi.org/10.3390/molecules28041572
10,4,10H,N-[4-[(2E)-3-(4-Nitrophenyl)-1-oxo-2-propen-1-yl]phenyl]acetamide,CC(NC1=CC=C(C(/C=C/C2=CC=C([N+]([O-])=O)C=C2)=O)C=C1)=O,C17H15N2O4,311.31,342,6.3,5.9,0,NA,36,dmso,Asymmetric,2,https://doi.org/10.3390/molecules28041572